,data,id
0,"20대와 30대의 성인 남녀를 대상으로 한 조사 결과, 전체의 41%가 파이어족 생활을 준비하고 있다고 나타났습니다. 이는 2030 세대가 경제적으로 독립하고 조기 은퇴를 목표로 투자와 재테크에 큰 관심을 가지고 있음을 보여줍니다. 주식 투자, 절약, 예적금, 부동산 투자, 투잡 및 알바 등을 통해 재정 준비를 하고 있는 것으로 조사되었습니다. 더불어 온라인 커뮤니티와 소셜 미디어에서도 자주 언급되는 플렉스 문화와 욜로 문화를 채택하는 추세가 높아져, 미래의 부의 축적보다는 개인의 만족감, 행복, 여가 등을 더욱 중요하게 여기는 것으로 드러났습니다.",fc54f000-8d75-4c74-b9b1-d14cd322c1df
1,"<ⓒ투자가를 위한 경제콘텐츠 플랫폼, 아시아경제(www.asiae.co.kr) 무단전재 배포금지> 
함께 본 뉴스
새로보기 
활동 뜸하다 했더니…아역배우 출신 20대, 시신 훼손 용의자로 ...
""아들에 '키작남' 물려주지 않으려 불임수술 생각 중입니다""
'비계 삼겹살' 이번엔 대구…""불판 닦으라고 준 줄 알았어요""
'4만원 바비큐' 논란 남원춘향제…백종원 등판 ""바로잡겠다""
""저 한동훈입니다""…""국힘에 아쉽다""던 김흥국, 전화 받더니 반...",0c5541d7-c12c-4867-8a64-16f0fd8f44eb
2," 뉴.썸렛이 전할 이야기많은 사람들이 파이어족을 비현실적으로 느끼는 이유를 짚어봤어요.미국에서 유독 '연금 백만장자'와 '파이어족'이 많이 나오는 이유에 대해 설명했어요.오해를 풀고 어떻게 생각하고 행동하면 좋을지 간단히 살펴봤어요.파이어족에 대한 오해 3가지안녕하세요. 뉴.썸렛 에디터, 준입니다. 고금리와 경기 침체로 살림살이가 팍팍해지면서 미국에서도, 우리나라에서도 '파이어족'을 원하는 사람들이 많아졌대요. 하지만 같은 마음으로 파이어족을 원해도, 파이어족에 대한 인식은",ac9f41a7-35d5-494c-828e-9c975e3ef35d
3,"이와 함께 저축 측면에서는 파이어족을 목표로 하는 많은 사람들은 본인 소득의 50~75% 정도를 저축하고 투자하는 걸 목표로 합니다. 파이어족에 빨리 도달하기 위해서는 소득을 늘리는 방법도 같이 사용하는 것이 중요한데 기존에 다니고 있는 회사에서 연봉 인상을 빠르게 이룰 수 있게 본업에 충실하는 방법이 있고, 또는 부업을 시작하는 걸 고려해볼 수 있습니다. 부업에는 대리운전, 알바와 같이 직접 몸을 써야 하는 일 뿐만 아니라 내가 잘하는 걸 크몽에 올려서 프리렌서로 추가 소득을 올리는 방법도 있겠습니다.

파이어족 목표를 위해 고려해야 할 사항",4e46b9f6-3bdf-4e5b-9ccf-f39c336af874
4,"가정하면 20년 뒤 231%의 수익률을 올릴 수 있어요. 20년 동안 물가 상승률을 고려해도 수익률이 높다는 건 부정할 수 없는데요. 중요한 건 일일이 투자에 신경 쓰지 않아도 얻을 수 있는 돈이라는 거예요.IRP나 연금저축에 세액공제 한도인 연 900만 원과 세액공제로 돌려받는 금액 119만 원을 합해 연 1,019만 원을 투자한다고 하고요. 배당률이 연 3%, 배당 성장률이 연 10%라고 가정하면요. 10년 뒤엔 투자금 2억 1,833만 원에 월 배당금 54만 원, 20년 뒤엔 투자금 9억 2,833만 원에 월 배당금 232만 원을",f005f854-28ce-4db2-b680-7f8a40f508fd
5,"2,000,000원이라면 연간 25배인 6억 원의 자산을 확보해야 하며 부동산 자산은 여기에 제외됩니다.요컨대, 가장 중요한 것은 어느 정해진 파이어족 금액을 확보하고 지속적인 현금 흐름을 유지하여 보다 안정적인 생계를 유지하는 것입니다.",636fc9a0-ed21-4e92-922c-caa5a369e3c7
6,"조기에 경제적 자립을 이룬 뒤 퇴직을 하고 자유로운 삶을 살겠다는 의미의 파이어족(Financial Independence, Retire Early)을 꿈꾸는 직장인이 많다. 경제적으로 어렵고 직업의 안정성도 보장돼 있지 않은 사회신분이다 보니 젊은 직장인들이 이런 생각을 할 수도 있을 것이다. 또, 자신들의 인생관에 관한 문제이기 때문에 그런 선택을 꼭 부정적으로만 볼 필요도 없다. 다만, 문제는, 파이어족을 꿈꾸는 젊은 직장인들이 파이어족의 삶에 대해 바르게 이해하고 철저한 준비를 해서 시작하느냐는 것이다. 파이어운동은 1990년대 미국에서 처음 등장했는데, 2008년 금융위기 이후",0824abe1-8c74-4744-991d-2c22382d3db1
7,Tags파이어족FinancialIndependenceFIRE경제적자유Previous Article애플 주식 장기 투자 전략Next Article부자 아빠 가난한 아빠의 9가지 교훈 - 경제적 자유와 파이어족을 위한 필독서 No1← Back to the blogmail마이핀플(MyFinPl) 2021Tailwind Nextjs Theme,5a1867ed-929f-48dc-bf11-5ab040647966
8,"파이어족의 목표 자산은 개인의 소비 습관과 라이프 스타일, 미래 계획 등에 따라 다양하게 달라지므로 일반적인 금액으로 결론을 내리기는 어렵습니다. 일부 사람들은 몇 억 원을 목표로 하며, 다른 사람들은 수십억 원을 목표로 할 수도 있습니다. 또한 유튜브, 블로그 등 다양한 부업을 통해 생활비를 충당하며 파이어족 생활을 이어가는 사람들도 있습니다.개인적으로 파이어족의 목표 자산은 보수적으로 계산하는 것이 중요하다고 생각합니다. 우리나라의 기대 수명이 증가하고 건강 문제나 예상치 못한 경제적 어려움이 생길 수 있기 때문입니다. 금융 투자를 통해 자산을",47af1786-82eb-4d86-b091-3e9fd1e342db
9,"6억에 4%를 곱해보면 2400만원이 나오는 걸 알 수 있습니다. 즉, 은퇴를 하고 생활자금 중에서 부족한 금액은 모아둔 내 돈의 이자로 사용한다는 의미로 이해할 수 있겠습니다.
그러나 25법칙의 결함은 인플레이션을 고려하지 않은 점에 있습니다. 이와 함께 위 계산에서 이자 세금이 계산되지 않았고, 나이가 들어서 의료 문제가 발생하여 상당한 비용이 청구될 수 있다는 점도 고려되지 않았습니다. 때문에 25 법칙은 위 결함을 고려해서 참고 사항으로 사용하시면 되겠습니다.

2) 4% 법칙",c9b52984-0a75-4e7c-bb37-951e1bd97263
10,"자금, 생각보다 적게 필요하다?은퇴 자금 얼마나 필요할까요? 950K?은퇴 자금 얼마나 필요할까요? $500K?은퇴 자금 얼마나 필요할까요? $140K?$150K 은퇴 자금으로 은퇴 가능한 국가 탑 20커플이 월 $2,800미만으로 생활 가능한 아일랜드 탑 10필요한 은퇴자금(노후자금) 계산 공식 & 계산기은퇴자금(노후자금) 몇살까지 쓸건가?",fb443281-bc70-432f-8375-927101b64f39
11,"리빙푸드
	
	오피니언
	
	칼럼
	
	만평
	
	해외칼럼
	
	블룸버그
	
	SCMP
	
	EDN
	
	골프
	
	경기일반
	
	라이프/기획
	
	용품/장비
	
	포토/영상
	
	연예·스포츠
	
	연예스타
	
	스포츠
	
	해외뉴스
	
	포토뉴스
	
	일반
	
	연예스타
	
	스포츠
	
서브메뉴
기획·이슈
서브메뉴
많이 본 뉴스
서브메뉴
프리미엄 콘텐츠
서브메뉴
경제법률 완전정복",ad9d6288-be46-457c-b270-279be86fe0e9
12,"파이어족의 뜻과 시작 방법 A부터 Z까지
오늘은 파이어족의 뜻과 그 의미 및 장단점에 대해서 모든 걸 파헤쳐 보도록 하겠습니다.
최근에 파이어족이라는 단어가 많이 쓰이고 어떤 젊은 부부나 젊은이는 본인이 파이어족이 되어서 현재 조기은퇴를 했다고 말하기도 했었습니다. 그런데 정작 파이어족이 어떠한 의미인지 설명하려면 좀 어렵기도 하죠?",6e0f4175-4d8c-4ba6-a25e-6435b422cebe
13,"파이어족(FIRE)이란?FIRE(Financial Independence Retire Early)파이어족(FIRE)이란?파이어(FIRE)는 경제적 자립(Financial Independence)과 조기은퇴(Retire Early)가 합쳐진 말입니다. 파이어족은 정년까지 일해야 한다는 생각에서 벗어나 불필요한 지출을 줄이고, 가능한 많은 금액을 저축&투자하여 경제적 자립(Financial Independence)을 최대한 빨리 이루는 것이 목표입니다. 경제적 자립을 이룬후에 원하는 삶, 가치있고 풍요로운 삶을 살아가려고 합니다.진정한 파이어족은?진정한 파이어족은 자신이 원하는 삶(라이프스타일)을 찾아내서 그 삶을 살기위해 최선을 다하는 사람입니다. 원하는 삶을 살기 위해서",2e69f06b-71dd-49dc-bf69-715f818de58b
14,"방법: 추가적인 교육이나 기술 습득을 통해 경력을 발전시키고, 부수입을 창출하는 방법을 모색합니다.
사례: 린다는 온라인 코스를 통해 새로운 기술을 배워 직업에서 승진하였고, 부업으로 추가 수입을 얻고 있습니다.
저축률 향상
목표: 소비를 줄이고 저축률을 높여 재정적 목표를 더 빨리 달성합니다.
방법: 소비를 줄이고, 저축을 우선 순위로 두어 재정적 목표에 더 빨리 도달합니다.
사례: 마이클은 월급의 50%를 저축하여 5년 내에 충분한 자산을 마련했습니다.
투자 전략",5b3d8d55-1119-4509-9b00-4a39949360fb
15,"keyword
                                    자립
                                
                                    은퇴자금
                                
                                    은퇴
                                
                            은퇴덕후 EunDuk
                        
소속
직업
금융인
미국 은퇴/재정 플랜, 개인 은퇴플랜, 자영업자 또는 비즈니스 은퇴 플랜, 어뉴이티/생명보험, 메디케어/소셜연금, 모기지/주택 융자 등
구독자
113
                                제안하기
                                
구독
                                                                     작가의 이전글
                                                                                                
미국 직장인의 은퇴플랜 401k 연금
왜 투자는 선택이 아니라 필수인가?
                                                                     작가의 다음글                                                            
취소
완료
작품 선택
키워드 선택
0
/
3
0
검색
댓글여부
댓글 쓰기 허용",416d236e-44d8-48e9-9dd4-1c0243cc1776
16,"잘못된 서술이 있을 수 있습니다.나무위키는 위키위키입니다. 여러분이 직접 문서를 고칠 수 있으며, 다른 사람의 의견을 원할 경우 직접 토론을 발제할 수 있습니다.  실시간 검색어",4b46ae5e-3b6c-45a4-a19d-8be2a15f6b23
17,"3. 좋아하는 일로 수입 / 부수입 만들기이 부분은 제 블로그의 역사에 담겨있기 때문에,짧게 말씀드릴게요.가족이 생기고 인간의 본질적인 행복을추구하다 보니 저에게는 돈보다 중요한시간이 필요했어요.그래서 고민 끝에 선택한 것이자동화 사업이었고, 지금 하고 있는 스터디카페예요.창업을 하려면 2억 정도가 필요한데,운이 좋게 적절하게 인수했어요.그리고 FIRE를 위해 과감히 퇴사했습니다.꿈을 이루기 위해저도 공부하고, 독서하며 성장,고객님들도 공부하고, 성장하므로제가 꿈꾸는 동반 성장이었어요.또 실제로",559cd2f1-66b5-41d5-aae5-6b7b4e3ab5ca
18,"방법: 충분한 자산을 마련하여 수입이 없어도 생활할 수 있는 자금을 확보합니다.
사례: 존과 제인은 매달 일정 금액을 저축하고, 이를 다양한 금융 상품에 투자하여 10년 만에 경제적 자립을 달성했습니다.
생활비 절감
목표: 불필요한 지출을 줄이고, 필요한 것에만 지출하여 생활비를 최소화합니다.
방법: 예산을 작성하고, 소비 패턴을 분석하여 불필요한 지출을 줄입니다.
사례: 마리아는 매달 지출을 기록하고 분석하여, 불필요한 구독 서비스와 외식 비용을 줄여 월 생활비를 20% 절감했습니다.
장기적인 투자",586dcf10-c535-4642-8a5c-f2cb4bb141f4
19,"최근 변경  
	
	
	
	
	
	
	
	
	
	
	
	
	
	
	
	
	
	
	
	    나무뉴스  
	
	
	
	
	
	
	
	
	
	 더 보기      namu.wiki Contctenos Trminos de uso Operado por umanle S.R.L. Hecho con  en Asuncin, Repblica del Paraguay 
	Su zona horaria es GMT Impulsado por the seed engine 
	This site is protected by reCAPTCHA and the Google
	Privacy Policy
	and
	Terms of Service
	apply. This site is protected by hCaptcha and its
	Privacy Policy
	and
	Terms of Service
	apply.",c2fac428-5161-42f6-9dc3-ad683c0ecb76
20,"일반적인 은퇴시기
",d394a6d6-41b8-4f9f-895c-5835b11d1220
21,"6. 결론
파이어족(Financial Independence Retire Early)은 금융적 독립과 조기 은퇴를 추구하는 사람들입니다. 이들은 소비와 물질적인 가치에 집착하지 않고, 저축과 투자를 통해 경제적 자립을 이루어 자유로운 삶을 살기를 원합니다. 파이어족의 생활 방식은 미니멀리즘, 자기계발, 워라밸, 건강과 웰빙 등을 중요시합니다.",d5c91398-ef76-4adf-9134-9617148f095f
22,"파이어(FIRE)를 추구하는 사람들은 일을 계속하지 않고도 나에게 필요한 안락함을 충족하기 위한 충분한 수입을 얻는 걸 목표로 합니다. 전반적인 목표는 조기 은퇴를 하더라도 생활에 지장이 없을 만큼 충분한 부를 축적하는 것입니다. 이러한 파이어족을 추구하는 다수는 30세~50세 사이에 은퇴하는 것을 목표로 합니다.

파이어족을 시작하는 방법
파이어족을 하고자 한다면 먼저 은퇴 후에 나의 생활 방식을 유지하는 데 얼마의 돈이 필요한지 파악을 해야 합니다. 그 다음 언제 은퇴를 할지 결정합니다.",4ed64c7d-f6d3-4dd9-a014-dc2efb7d08b6
23,"2. 현금 흐름 만들기열심히 종잣돈을 만들다 보니30살이 되기 전에 1억을 모았더군요.큰돈이라서 일단 두고 투자 공부를 시작했습니다. 주식 투자 공부요.2019년-2020년쯤 (코로나 전)유튜브, 주식 책을 보며 소액으로 시작했습니다.(저축액 제외 200-300만원)그때부터 엑셀로 매매일지를 만들어 관리하며 투자했습니다.일명 단기, 중기 단타로 말이죠.그런데 생각보다, 수익률이 좋았습니다.초심자의 행운이었는데 말이죠.그래도 배우고 수익이 생기는 게 기뻤습니다.그래서 모았던 1억을 과감히",ecea63b5-49f9-4419-87cd-c9a2605da061
24,"소득으론 어림도 없다고 생각한다.‘내 소득으론 어림도 없다'는 얘기도 많이 듣는 얘기 중 하나인데요. 장기적으로 투자하면 시간이 흐르는 만큼 돈이 불어나는 복리의 마법을 기대할 수 있기 때문에, 벌써부터 포기할 필요 없어요!미국에선 유독 ‘연금 백만장자’나 파이어족이 많이 나오는데요. 그 이유 중 하나는 넉넉한 연금이에요. 이렇듯 연금이 넉넉한 데는 미국 제도 덕도 있지만 무엇보다 미국인이 투자에 적극 나서기 때문이에요. 실제로 2023년 말 기준 미국과 우리나라의 금융자산 비중을 살펴보면요. 미국의 경우",cfe95aee-d7a9-4ca8-ba79-91424b6b3dce
25,"파이어족 뜻과 필요한 자산 기준은 얼마일까? : 네이버 블로그
본문 바로가기
블로그
카테고리 이동
보험은 처음이지? 보험은 여기야
검색
MY메뉴 열기
Min'S 각종정보
파이어족 뜻과 필요한 자산 기준은 얼마일까? 
보험은 여기야
2023. 9. 3. 7:30
	
 이웃추가
본문 기타 기능
본문 폰트 크기 조정
본문 폰트 크기 작게 보기
본문 폰트 크기 크게 보기
가
 공감하기
공유하기 
URL복사 
신고하기 
보험은여기야입니다.  
 
파이어족(FIRE)에 대해 들어보셨나요?
",4c15b0a8-f7aa-4b31-a9f8-721200c30e69
26,1. 시간적인 여유: 우리 인생에서 시간만큼 소중한 것이 없습니다. 만약에 돈을 위해서 죽을 때까지 하기 싫은 일을 해야 한다고 생각하면 암담하죠? 내가 목표로 한 파이어를 달성하여 파이어족이 되게 되면 매일 매일을 내가 어떻게 보낼 지 능동적으로 결정하여 내가 하고 좋아하는 일이나 취미생활을 하며 삶을 살아갈 수 있습니다.,fa139757-55f6-4f33-a592-e38d3d779a04
27,"2015년 양모이 UAE 두바이에서, 벤더사 소장님과",34f0565c-70ef-4e2f-bb17-e0e5585a31d5
28,"다만, 위 전략의 단점은 어떤 사람들에게는 4%가 충분하지 않을 수 있습니다. 파이어족으로 40대 초반에 은퇴를 했다면 기대수명이 80대, 90대까지 가기 때문에 은퇴 기간이 최대 50년 이상이 될 수도 있습니다. 그렇다면 시간이 지남에 따라 다양한 전략들이 같이 필요할 수 있습니다.

파이어족의 장점과 단점

파이어족의 장점에 대해서 먼저 살펴보겠습니다.",149abcbc-a2ef-4f21-9d6c-b714847fcc70
29,"절감4. ETF나 부동산, 예금, 적금, 달러, 금과 같은 안정적인 자산에 투자하기안정적인 은퇴를 위한 시드머니는 개인마다 격차가 심하여 어느정도다 라고 말할 수 없다.하지만 대부분 안정적 수익이라 여겨지는 연 수익률 3~4% 정도의 안정적인 투자 자산에만 투자하여 생활비와 기타 비상금을 충당할 수 있는 수준이 되었을 때 은퇴를 실행한다.한국에서는 투자수익을 보수적으로 잡았을 때 2022년 통계자료를 근거하여, 연 실질세후수익률[산식:] 1.5% 기준 10억원을 확보하면 물가상승과 세금을 제외한 연 실질 가처분소득 1500만원, 즉 매월",62bfb847-39b0-4bd9-8249-2cf7d4fcf503
30,"강창희 행복100세자산관리연구회 대표 
AD
꼭 봐야할 주요뉴스
'에르메스는 양반이네'…돈 있어도 못 산다는 다섯...
마스크영역
'12년 미제' 울산 다방 여주인 살인사건 범인… 징역 25년
""방 하나는 쓰지 마세요"" 전셋집 계약 조건에 누리꾼 갑론을박
활동 뜸하다 했더니…아역배우 출신 20대, 시신 훼손 용의자로 체포 日 '충격'
심장병 있는데 달리기 강요한 교수…中 여대생 결국 숨져",5f93a327-8867-4ece-be96-ee23d5fcdb61
31,"사회적 고립: 은퇴 후 사회와의 연결이 줄어들 수 있습니다.
재취업 어려움: 다시 일자리를 찾는 것이 어려울 수 있습니다.
5. 파이어족이 되기 위한 준비
파이어족이 되기 위해서는 다음과 같은 준비를 해야 합니다.
목표 금액 설정: 금융적 독립을 위한 목표 금액을 설정합니다.
예산 작성: 소비 패턴을 분석하고 예산을 작성합니다.
저축 계획 수립: 목표 금액을 달성하기 위한 저축 계획을 세웁니다.
투자 전략 구축: 안정적인 수익을 창출할 수 있는 투자 전략을 구축합니다.
6. 결론",fefef64e-639d-49a2-a0f9-cdbaf694ec8f
32,"개인이 하고 싶은 일을 하는 것입니다. 파이어족에게 사이드 허슬은 옵션이아니라 필수입니다. 사이드 허슬로 추가 소득이 발생하면 재정 자립의 시간을 앞당길 수 있고, 소득이 발생하지 않더라도 자신이 진정으로 좋아하는 일이 어떤 것인가를 알 수 있는 좋은 기회입니다.재정 자립을 이룬다고 자신이 원하는 일을 마음껏 하면서 행복하게 살 수 있는 것은 아닙니다. 무엇을 하면서 살아갈지, 어떤 일을 할때 가장 행복한지는 충분히 경험해 봐야 알 수 있습니다. 따라서, 소득이 발생여부와 상관없이 끊임없이 사이드 허슬을 시도해야 합니다.파이어(FIRE)족 이론적 가정은?파이어족의 필요한",5f0df276-edad-446e-97f2-97cb8dbc9d82
33,"조금이나마 도움이되었으면 좋겠어요.결론적으로 부자=파이어족 반은 맞고 반은 틀리다입니다.그리고 오늘의 이미지는 주제에 맞도록 '부'의 도시UAE 두바이로 선정했어요.2015년에 제가 해외에서 근무할 때 두바이에서 촬영한 사진들입니다.참고로,제 외장 하드에는 14개국 사진이 있는데요.정확히 카운팅 안 해봤지만 1~2만장 있는 듯해요.블로그에 써먹을 줄 누가 알았겠습니까?블로그는 본인이 직접 찍은 사진을 좋아한다는 점 잊지 마세요!(중복 이미지 No.)그럼 시작합니다.목차1. 뜻과 진정한 의미2. 파이어족 자산3. 재테크 방법",5cb1408b-3a3f-4c4e-bdc2-e828a2d92e76
34,"투자 지식 함양주식은 종목마다 차이가 있고,미국 ETF나 우상향 우량주가 아니라면 분명 RISK는 존재해요.(미국 ETF나 우량주가 절대적으로 안전하다는 건 아닙니다.)또 요즘같이 부동산 하강기 또는 안정기에는 독이 될 수도 있어요.그래서 잃지 않는 투자를 위해공부하고 경험을 쌓는 것이 아닐까요?역사는 반복되니깐요.그럼 FIRE를 하려면 몇 억 가지고는안되겠다는 생각을 하실 수 있는데,방법은 현금흐름을 일정하게 만들고좋아하는 일을 하면 됩니다.저 같은 경우는 자동화 사업을 택했어요.제 경험에 비춰 재테크 방법 3가지 말씀드려볼게요.",8e2cde0d-f1b9-4f1f-8942-3ceee8d91c24
35,"새로운 트렌드 보기
을지로 신상 정복
 피코크 냉동식품전격 리뷰
또간집 ver.1
책 펼쳤는데 왜 군침이 돌지 
젤리 먹는 맛에 살어리랏다 
연말→연초에 보기 좋은 영화 
기획 시리즈
구정에 도란도란 마시기 좋은 술 3
점심 해장, 여기에서 했어요(feat. 충무로)
""이 조합 가능?"" 의외의 안주와 한 잔
12월에는 ‘이거’ 꼭 먹자고요 
‘이냉치냉’으로 즐기는 먹거리
비건·단백질? 내가 사랑한 든든한 음료
[인터뷰] 힙지로 숨은 독립서점 ‘보위옥’",f4404e12-5e91-4bf5-8d2f-dadd21f44acb
36,"살아가는 기간이 줄어 드니) 필요한 금액만큼만 최대한 빨리 모은후에 원하는 삶을 시작하는 것입니다.파이어족(FIRE)과 욜로족(YOLO, You Only Live Once)은 같은 것을 추구?파이어족은 미래를 위해 현재를 희생하고, 욜로족은 미래보다 현재의 행복을 중시한다고 해서 반대 개념이라고 설명합니다. 하지만 파이어족이나 욜로족이나 모두 한번뿐인 인생을 본인이 원하는 삶에 맞는 최선의 선택을 해서 살아가는 것이라면 동일하다고 생각합니다.오늘 하루의 자유가 내년 이틀의 자유보다 가치있다면 오늘 하루를 선택해야하고, 오늘 하루보다 내년 이틀의 자유가 더 가치있다면 내년 이틀을",7438a4be-c063-4381-b18e-2f239892e77c
37,"파이어족 자산
2015년 양모이 UAE 두바이에서",dc6e61ae-419b-44bc-9957-9952d00df08e
38,2015년 양모이 UAE 두바이에서,193d3826-9787-4175-a76a-8086346081a1
39," 뉴.썸렛이 전할 이야기
        
          파이어족에 대한 오해 3가지
        
          1 돈을 빨리, 많이 벌어야 한다고 생각한다.
        
          2내 소득으론 어림도 없다고 생각한다.
        
          3현생을 포기해야 한다고 생각한다. 
        
          파이어족, 어려워 보인다고요?
        
           함께 해 봐요
        
뉴스레터
파이어족, 부자만 할 수 있는 거 아닌가요?
당신이 파이어족을 비현실적이라고 생각하는 이유 3가지
2024.05.01
|
              조회 108
            
|
0
|

      
",b8a72f04-b5ca-4e8b-8610-1e8989400c71
40,"없다고 했다. # 근데 이수근은 결혼도 아직 안 했는데 반은 여친 자산이고 미래는 확실한 게 아니라고 지적을 했다. #             [산식:] 연 수익률 * ((100 - 투자에 따른 세율) / 100) - 그 해의 물가상승률     이 저작물은 CC BY-NC-SA 2.0 KR에 따라 이용할 수 있습니다. (단, 라이선스가 명시된 일부 문서 및 삽화 제외)기여하신 문서의 저작권은 각 기여자에게 있으며, 각 기여자는 기여하신 부분의 저작권을 갖습니다.나무위키는 백과사전이 아니며 검증되지 않았거나, 편향적이거나, 잘못된 서술이 있을 수 있습니다.나무위키는",8a5e587d-2c20-45e3-9f0c-fe5a1225e3ef
41,"파이어족 뜻과 기준 자산, 재테크 방법 3가지로 직장인도 가능할까 : 네이버 블로그
본문 바로가기
블로그
카테고리 이동
양모이's 인생 스토리
검색
MY메뉴 열기
책/에세이/교육
파이어족 뜻과 기준 자산, 재테크 방법 3가지로 직장인도 가능할까 
양모이
2023. 12. 22. 17:19
	
 이웃추가
본문 기타 기능
본문 폰트 크기 조정
본문 폰트 크기 작게 보기
본문 폰트 크기 크게 보기
가
 공감하기
공유하기 
URL복사 
신고하기 
파이어족",5bf44c2f-757b-4399-af75-ad3111a9915e
42,"지출을 철저히 관리하는 방식으로 경제적 자유에 가까워졌어요. 결국 파이어는 가진 돈의 문제가 아니라 쓰는 돈의 문제라는 거예요.준&맽:리스크가 크고 에너지를 많이 들여야 하는 단기 투자를 지양하고, 레버리지를 과도하게 일으키지 않아요. 투자로 빨리, 큰 돈을 벌겠다며 욕심을 내지도 않고 오히려 꾸준히 하는 게 중요하다고 생각해요. 따라서매달 소득의 30% 이상을 인덱스 펀드와 배당주 펀드 등에 투자하며 예측 가능한 범위 내에서 자산을 늘려가고 있어요.2내 소득으론 어림도 없다고 생각한다.‘내",ec0709c8-93ee-4ecb-8796-ce4d1a383a09
43,"삭제아이콘
검색아이콘
Dim영역
오피니언
칼럼
만평
이전
다음
 
칼럼
칼럼
만평
 

	[100세 시대 재테크]파이어족에 대한 바른 이해	
 
입력2024.02.02 14:09
시계아이콘읽는 시간1분 27초 
뉴스듣기
공유
공유하기
페이스북
카카오톡
트위터
주소복사
닫기
스크랩
글자크기
글자크기 설정
가나다라
	
가나다라
	
가나다라
	
닫기
인쇄
RSS
AD
원본보기 아이콘",bee43990-dd4d-4354-a30a-a3183d57c012
44,"위한 모든 것에 지출할 수 있는 '성장통장'을 만들어 매달 일정 금액을 넣고 있어요. 이 돈을 강의나 책, 전시, 여행 등에 아낌 없이 쓰고요. 대신 고정비나 소모적인 지출(ex. 얼마 입지 않을 옷, 식비 등)을 줄이려고 노력해요.파이어족, 어려워 보인다고요?네. 어려워요 힘든 거 하나 없이 원하는 대로 살면서 보상만 얻겠다는 건 말이 안 된다는 사실, 우리 모두 알고 있잖아요.당장 목표를 이루지 못해도 괜찮아요. 사실 당장 이룰 생각을 안 하는 게 좋기도 하고요. 나를 위한 시간을 벌고 싶다면 지금부터 '할 수 있다'고 생각하고 조금씩 시도해",ed776605-8fc2-4c0a-86bb-4fed5f167258
45,"현재는 '100세 시대'로 불리며, 은퇴가 그동안과 달리 더욱 뒤로 미뤄지거나 은퇴 후에도 '두 번째 삶'을 시작하는 경우가 늘어나고 있습니다. 그러나 실제로는 은퇴 시기가 이론과는 다르게 40대 초반부터 30대 후반까지 앞당겨지는 경향을 보이고 있습니다. 최근 20대부터 재테크나 투자에 관심을 가지며 지속적으로 자산을 축적한 사람들이나 초기에 사업을 시작해 큰 자산을 확보한 사람들은 예외일 수 있지만, 보통 대다수는 안정된 월급이나 수입을 지속적으로 받는 상황에서 30대 후반부터 40대 초반에 은퇴를 고려하는 편입니다.재테크와 투자에 관심을 가지며 자산을",68a696d7-a5ca-4065-b8c8-d45368d1ae1f
46,"뜻과 진정한 의미
2015년 양모이 UAE 두바이에서
 
파이어족의 뜻과 진정한 의미에대해 말씀드릴게요.
 
파이어족 뜻FIRE = Financial Independence Retire Early경제적 독립으로 조기 은퇴파이어족은 쉽게 설명하면 본인의 생활 수준에 맞는 소득 시스템을 구축하여 40대 전후에 조기 은퇴를 추구하는 집단 또는 성취한 집단입니다.
제가 진정한 의미를 덧붙이는 것은부자=파이어족 이라는 편견이나오해를 없애기 위함이에요.진정한 의미를 말씀드릴게요.",9354a641-9219-4d9f-a629-65446d20fcf4
47,"
 
 파이어족 뜻을 알아보자면 이 용어는 ""Financial Independence, Retire Early""의 약자로, 재무적으로 독립하여 조기 은퇴하는 개념을 지칭합니다. 이는 주로 30대 후반부터 40대 초반까지, 비교적 짧은 기간 안에 자신의 재무 상태를 안정화시켜 빠른 은퇴를 추구하는 사람들을 가리킵니다.사실 예전부터 존재해왔던 생각이지만, 그 배경과 열망은 시대에 따라 다르게 변해왔습니다. 이 개념은 돈을 빨리 모아서 일찍 퇴직하고 싶어하는 직장인들의 공통적인 꿈을 반영하고 있습니다. 하지만 과거와 현재의 파이어족은 그 동기와 상황에서 차이가 있습니다.
 
등장 배경
",e8af0d83-c697-49da-864b-c2c1ee87e462
48,"재정적 독립을 추구하는 FAT FIRE 과 같이 라이프스타일과 니즈에 따라 다양한 변형이 이루어지고 있다. #다양한 파이어는 공통적으로 경제적 '자립'으로 내가 경제적으로 누군가에게 종속되지않고 자유로울 수 있냐는 것이 핵심이다.이들은 젊어서 부터 시간적으로 여유롭고 안정적인 삶을 사는 것을 중요하게 여긴다. 돈에 얽매이지 않고 일을 선택할 수 있는 자유를 추구하는 것이다.2. 시드머니(종잣돈) 모으기[편집]1. 본인의 라이프스타일과 소비패턴의 체계화2. 은퇴 가능한 목표자산 설정3. 소비의 극단적인 절감4. ETF나 부동산, 예금, 적금, 달러, 금과",03bf5d76-9bb6-4814-92fc-5336719ac0e2
49,"국내 파이어족들은 어떤가. 우선, 경제적 자립을 위한 자금 마련 방법이 미국의 파이어족들에서 보는 바와 같은 극단적인 절약보다는 주식이나 부동산을 이용한 단기 재테크에 중점을 두고 있다. 이 점은 앞에 소개한 잡코리아의 조사결과에도 나타난다. 조기퇴직을 위한 자금마련 방법을 묻는 말에 주식투자 51%, 부동산투자 9%로 공격적인 투자방법이 60%를 차지한다. 안정적인 방법이라고 할 수 있는 예·적금은 30%, 투잡 및 알바는 11%다. 자금마련을 하고 있지 않다는 대답도 36%(복수응답)를 차지한다.안타까운 것은 투자의",c8678671-6117-44e2-b319-727bb6e35567
50,"꿈꾸는 동반 성장이었어요.또 실제로 운영하며 책으로 배운 마케팅 기술과, 영업 방법으로고객님들에게 사랑을 얻어 큰돈은 아니더라도적정한 현금흐름이 생겼어요.현금흐름이 충분히 생겼지만, 그래도 약간 아쉬웠던 부분이 있었는데,그때 도와준 것이 블로그 마케팅이었어요.좋아하는 글쓰기로 부수입을 만드니,이제는 어느덧 제가 바라던파이어족에 조금 더 가까워진 것, 아니, 되었는지도 모르겠습니다.",36efcb88-9303-451e-ace4-9c9e68a82976
51,"카테고리 글
이전
이전
다음
다음
{""title"":""파이어족 뜻과 기준 자산, 재테크 방법 3가지로 직장인도 가능할까"",""source"":""https://blog.naver.com/yangmoi/223300637645"",""blogName"":""양모이's .."",""blogId"":""ant5411"",""domainIdOrBlogId"":""yangmoi"",""logNo"":223300637645,""smartEditorVersion"":4,""meDisplay"":true,""lineDisplay"":true,""outsideDisplay"":true,""cafeDisplay"":true,""blogDisplay"":true}
 맨 위로
PC버전으로 보기
닫기
카테고리
 이 블로그 홈
 
이 블로그
책/에세이/교육
카테고리 글
이전
이전
다음
다음
공감한 사람 보러가기
댓글 66
공유하기
양모이(yangmoi)
님을 이웃추가하고 새글을 받아보세요
취소
이웃추가",7d70afb8-6271-4141-adf7-75fe537e07b2
52,"투자금 9억 2,833만 원에 월 배당금 232만 원을 쥘 수 있어요. 만 25세부터 월 10만 원이라도 IRP에 넣어두면 좋다는 얘기가 나오는 이유예요.지금 소득에 만족하지 못한다면 부업으로 소득을 늘리는 방법을 생각해 봐도 좋아요. 실제로 부업을 하는 N잡러가 늘어나는 추세라고 하니, 내가 들이는 시간 대비 가장 많은 돈을 벌 수 있는 부업을 찾고시작해 보는 것도 나쁘지 않아요.준&맽:만 55~65세 시기 현금흐름을 위해 각각 연 900만 원, 월 75만 원씩 IRP와 연금저축에 투자하고 있어요. 기왕이면 소득이 높을 수록 경제적 자유를",5992c6dd-4b1c-40d3-9ba3-8b1d14115959
53,"파이어 족(FIRE)이란 무엇인지 알아봅니다.마이핀플AI미국주식미국ETF국내주식투자계산기컬렉션블로그About마이핀플AI미국주식미국ETF국내주식투자계산기컬렉션블로그AboutPublished onSaturday, March 18, 2023파이어 족(FIRE)이란 무엇인지 알아봅니다.AuthorsName1. 파이어 족(Financial Independence Retire Early)이란",d450156d-8db3-4709-82cb-8d7742a1036e
54,"2) 4% 법칙
4% 법칙은 은퇴 후 30년 동안 저축하기 위해 필요한 금액을 추정하는 한가지 방법입니다. 4% 법칙을 설명하면 은퇴를 하고 나서 첫 해에 저축한 금액의 4%를 인출할 수 있는 걸 의미합니다.
예를 들어서 10억을 저축했다면 파이어족으로 조기 은퇴를 한 첫 해에 4천만원을 인출하여 사용합니다. 다만, 이 규칙은 가지고 있는 돈의 일부를 예금, 주식, 채권 등에 나누어서 투자하여 매년 4%의 돈을 인출할 수 있다는 걸 가정으로 합니다.",5c0b2d7e-358a-410a-b066-416c8323ed6a
55,"파이어 운동의 유형[편집]전통적으로 극단적인 절약과 검소함을 추구하는 FIRE 외 대표적인 4가지 유형의 FIRE 운동을 소개한다. 이 네 가지는 해외 #, # 뿐 아니라 국내#,  #에도 잘 소개된 문서가 여럿 있는 만큼 본인에게 맞는 유형을 더 검색하여 참고할 수 있겠다. Lean FIRE 는 전통적인 FIRE 에 가장 가까운 유형으로 저축을 늘리기 위해 지출을 극한까지 감소시키며 달성 후에도 절약하는 생활을 할 필요가 있다.Coast FIRE 는 FIRE 을 달성 할 수는 있지만 일을 하고 있는 상태이다. 언제라도 퇴직이 가능해 정신적으로 여유로이 일을 할 수 있다.Fat FIRE 은 사치스러운 생활을 즐길 수 있는 부자같은",e94e5dde-690a-4bbc-ba35-0e13b9bf0b39
56,"파악하고, 그렇지 않은 곳에 쓴 돈이 얼마나 되는지 살펴보세요.오늘의 뉴.썸렛, 어떠셨나요?자라나는 뉴.썸렛이여러분에게 더 필요한 뉴스레터로 거듭날 수 있도록소중한 한 마디를 보태주세요 뉴.썸렛에게 한 마디!",ced52059-c0df-47b3-bc54-5531250b965d
57,"매매회전율은 1600% 정도였다. 1년에 평균 열 여섯번을 사고팔았다는 뜻이다. 특히 20대 남성 투자자의 연간매매회전율 평균은 6800%였다. 일주일에 두 번 가까이 사고판다는 뜻이다. 이런 단타매매를 하게 되면, 앞에서도 언급한 것처럼, 어쩌다 한두 번은 모르지만 계속해서 성공하기는 불가능에 가깝다고 해야 할 것이다.물론 단기 재테크로 돈을 벌어 조기퇴직 하는 사례가 없는 것은 아니다. 다만, 이렇게 번 돈이 10년, 20년 후에도 계속 유지된다는 보장이 없다는 게 문제이다. 직장에서 일하면 약간의 부침은 있지만 꾸준하게",7fbf5c49-74f0-4d13-bbfe-860ebc0060b4
58,"top버튼
한눈에 보는 뉴스&트렌드
돈 주고도 못 사는 5가지에르메스 버킨백 그리고...
""클레임 건 세탁소서 '진상' 꼬리표항의하니 '관심'이라네요""
""아들에 '키작남' 물려주지 않으려불임수술 생각 중입니다""
주차된 바이크 머플러에 화상 입은 아이...차주에 연락 달라는 부모
잡동사니 쌓아놓고 '주차찜'""건드리면 고소하겠다"" 협박한 입주민
中 ""창어 6호 발사 성공""…달 뒷편 샘플채취 도전
어린이날 코앞인데… 알리·테무 아동용품 발암물질 범벅",a93d90ba-9a9b-4ff0-a465-6c471de188d1
59,"투자 전략
목표: 다양한 자산에 투자하여 위험을 분산하고 장기적으로 안정적인 수익을 창출합니다.
방법: 주식, ETF, 부동산 등 다양한 투자 수단을 활용하여 포트폴리오를 구성합니다.
사례: 사라는 저비용 인덱스 펀드에 주로 투자하여 시장 평균 수익률을 달성하고 있습니다.
파이어족 전략
목표
방법
경제적 자립
돈에 대한 걱정 없이 살기
충분한 자산 마련
생활비 절감
지출 최소화
예산 작성 및 소비 패턴 분석
장기적인 투자
안정적 수익 창출
다양한 투자 포트폴리오 구축
소득 증가
높은 수입 얻기",0fef0486-0fb5-472f-96ed-5433dea9ca11
60,"
 

 
#파이어족뜻
공감한 사람 보러가기
댓글 0
공유하기
보험은 여기야
비즈니스·경제
어서와
보험은 처음이지? 
보험은 여기야!!
이웃추가
보험은 여기야
님의 네이버 포스트
이 블로그
Min'S 각종정보
카테고리 글
이전
이전
다음
다음
{""title"":""파이어족 뜻과 필요한 자산 기준은 얼마일까?"",""source"":""https://blog.naver.com/gabiss/223197851392"",""blogName"":""보험은 처.."",""blogId"":""gabiss"",""domainIdOrBlogId"":""gabiss"",""logNo"":223197851392,""smartEditorVersion"":4,""meDisplay"":true,""lineDisplay"":true,""outsideDisplay"":true,""cafeDisplay"":true,""blogDisplay"":true}
 맨 위로
PC버전으로 보기
닫기
카테고리",dd86acfe-4221-4fd8-ad02-a1c143c7bf30
61,"아래 그림에서 보는 것처럼 년소득 $50K인데 $25K로 생활하면 50% 저축율로 financial freedom에 도달하는데 16.6년이 걸립니다. 또한 년소득 $1000K인데 $50K로 생활하면 50% 저축율로 financial freedom에 도달하는데 동일하게 16.6년이 걸립니다.5% annual returns on investments and you will be withdrawing4%따라서, 원하는 삶을 유지하는 비용이 적을수록 재정 자립을 빨리 이루고, 원하는 삶을 살아갈 수 있는 시간이 늘어납니다.파이어(FIRE)족의 필수 Side Hustle사이드 허슬(Side Hustle)이란 풀타임 본업과 더불어 일종의 사이드 프로젝트로 개인이 하고 싶은 일을 하는 것입니다. 파이어족에게 사이드",b04a51dd-4e22-4b2a-b5eb-d0e78474815e
62,"이론적 가정은?파이어족의 필요한 은퇴자금 계산은은퇴자금 인출 4%의 법칙에 기반합니다. 은퇴자금 인출 4%의 법칙은 은퇴자금에서 매년 4%씩 인출하면 죽을때까지 사용할 수 있다는 이론입니다.이 법칙에 의하면 년간 필요한 비용의 25배의 은퇴자금이 있으면 은퇴가 가능합니다. 예를들어 매년 $60,000이 필요하다면 은퇴자금으로 25배인 $1,500,000이 있으면 은퇴가 가능합니다.이 은퇴자금 $1,500,000을 투자하여 매년 4%씩 인플레이션을 반영한 실질 수익률이 발생할 수 있는 곳에 투자한다면 4%의 수익인 $60,000 평생 발생하게 되고,",e533eaed-56b2-4c65-a741-a6643fecb913
63,"대한민국 복지정책 기준 중위소득 30% 미만인 사람들은  저소득층, 50% 미만인 사람들은 차상위계층 으로 분류하므로, 중위소득의 65%(1인가구 기준 세후 월 125만원)면 정확히 평범한, 서민층 중간쯤에 속하는 소득이라고 볼 수 있다.쉽게 말하면, 2022년 기준 10억을 모으면 손가락 하나 까닥 안하고 평생동안 서민층의 삶을 영위할 수 있다는 것이다. 이 금액은 물가상승률에 따라 계속해서 상승할 것이다.물론 사람에 따라 자녀 계획이 없다던지 하는 경우에는 10억을 누구 물려줄 필요가 없으니 수명에",89644544-298e-4ecf-a3ff-9906dc883569
64,"살기위해 최선을 다하는 사람입니다. 원하는 삶을 살기 위해서 두가지 자원, 돈과 시간이 필요합니다. 진정한 파이어족은 돈보다 유한한 시간이 훨씬 중요하다는 점을 알아야합니다.돈은 원하는 삶(라이프스타일)을 살아갈 수 있는 만큼만 필요하자만 시간은 많으면 많을수록 원하는 삶을 오래도록 살 수 있기 때문입니다. 30년을 일하고, 원하는 삶을 사는 것보다 10년을 일하고 원하는 삶을 시작하면 20년을 더 원하는 삶을 살게 되는 것입니다.그래서, 불필요한 라이프스타일 비용은 줄여(비용이 클수록 모으는 시간이 오래 걸려 원하는 삶을 살아가는 기간이 줄어 드니) 필요한 금액만큼만",72e28485-221e-4698-87c9-a1d811848655
65,"공지·사고
이용약관 및 개인정보처리방침 개정 안내
이벤트·행사
E.아시아경제 바로가기
로그인
로그아웃
앱설치
PC버전
사이트맵
회사소개
광고/제휴문의
인재채용
퍼스트클럽
구독문의
기사제보
개인정보처리방침
이용약관
고충처리
사이트맵
매체정보
	서울특별시 중구 충무로 29 아시아미디어타워 10-11F
	
	인터넷신문등록번호 : 서울 아00058
	
	등록일 : 2005.09.13
	
	발행·편집인 : 우병현
	
대표 전화번호 : 02) 2200-2114
통신판매업번호 : 2010-서울중구-0172",de736b65-64b8-4180-94a2-8edeeceedd63
66,"암호화폐 투자 열풍도 이와 연관이 있습니다. 지난 세대와는 다르게, 현재는 위험을 감수하고 투자하지 않으면 목돈을 축적하기 어렵다는 인식이 퍼졌습니다. 저축만으로는 미래를 대비하기 어렵다는 인식이 강해졌습니다. 코로나 팬데믹으로 인해 유동성이 늘어나면서 주식 및 암호화폐 등 다양한 자산의 가격이 상승하고 있는 상황입니다. 이로 인해 투자에 처음 발을 들이는 젊은 세대는 초기 투자에서 큰 수익을 얻는 경험을 통해 파이어 운동을 더욱 중요한 선택으로 여기기도 합니다.그러나 이는 양날의 검입니다. 파이어족으로서는 투자를 통해 자산을 증식시켜야 하지만, 단기",2f82ffa8-e904-4dc2-a311-7bf228befcc1
67,"맨 위로
PC버전으로 보기
닫기
카테고리
 이 블로그 홈
 
이 블로그
Min'S 각종정보
카테고리 글
이전
이전
다음
다음
공감한 사람 보러가기
댓글 0
공유하기
보험은 여기야(gabiss)
님을 이웃추가하고 새글을 받아보세요
취소
이웃추가",82d7929d-158a-4492-89cd-ee1c05ccb3eb
68,"같은 마음으로 파이어족을 원해도, 파이어족에 대한 인식은 미국과 우리나라에서 크게 차이가 나는 것 같아요. 그렇다면 왜 우리나라에선 유독 파이어족을 비현실적으로 바라보는 걸까요? 오늘은 파이어족에 대한 오해를 짚어봤어요.1 돈을 빨리, 많이 벌어야 한다고 생각한다.친구들에게 “파이어족이 될 거야”라고 말하면서 깨달은 점이 하나 있어요. 바로 우리나라에선 유독 부자가 돼야만 파이어(FIRE: Financial Independant Retire Early)를 할 수 있다고 보는 사람들이 많다는 것. 파이어족이 될 거라는 얘기를 꺼내면 하나같이 ‘너 돈 많나 보다?’, ‘부자인가 봐’라는",0247cad9-753d-4144-a623-53b32392ab39
69,"진정한 의미경제적으로 누군가에게 종속되지 않고 자유로운 상태.은퇴 후에 경제적으로 본인이 구축한 경제적인 시스템에 의해 안정적인 삶을 사는 것 또는 돈에 얽매이지 않고 일을 선택할 수 있는 자유를 얻는 것
파이어족의 핵심은 내가 일을 선택할 수 있는 자유입니다.내가 좋아하는 일내가 사랑하는 일내가 꿈꾸는 일그 일을 할 수 있는 상태가 FIRE이며부자가 FIRE가 아니라는 말입니다.제 생각을 말씀드리는 것이 아니라,책에서 보고 조사한 내용입니다.은퇴하고 꿈 없이, 목적 없이 사는 인생 행복할까요?누군가는 삶의 마지막에 이렇게 말합니다.꿈을 위한 용기를 그때 냈었으면..",3ecc46a0-dfd0-489c-9798-0833a4245e5e
70,"4'비계 삼겹살' 이번엔 대구…""불판 닦으라고 준 줄 알았어
5200개 뼛조각 맞추니…7만5000년 전 40대 여성 모습 이렇습
1

	이준석 ""국민 사랑받던 스타 검사 윤석열로 돌아가달라""
	
2

	미군이 드론으로 사살한 인물… 테러리스트 아닌 양치기였다
	
3

	[22대 샛별]③'정치 1번지' 종로 곽상언 당선인 ""盧 권한·지위 이용하지 않겠다""
	
4

	진중권, '학폭 의혹' 김동아에 ""브라보, 멋지다 동아야""
	
5",5d9fed50-fc71-49d2-b47c-6a8287e0c848
71,"2. 지출 분석하기
자동차를 유지하고 사용하게 되면 자동차로 인한 비용 지출이 많아지게 됩니다. 때문에 자동차 없이 자전거를 타고 출퇴근을 하거나 대중교통을 이용할 수 있다면 자동차를 없애고 대중교통을 이용하는 것이 지출을 줄이고 돈을 빨리 모으는 데에 큰 도움이 되겠습니다. 이와 함께 외식 대신 집에서 요리를 하거나 일부 스트리밍 서비스를 구독 취소 그리고 현재 매달 나가는 월세가 비싸다면 좀 더 저렴한 지역으로 이사함으로써 매달 지출되는 금액을 줄일 수 있겠습니다.
3. 부채를 제거하기",3bc1deb7-5a98-4d9d-960a-e6551f887766
72,"통신판매업번호 : 2010-서울중구-0172
사업자등록번호 : 101-86-15912
	아시아경제의 모든 콘텐츠(기사)는 저작권법의 보호를 받는 바, 무단 전재. 복사. 배포 등을 금합니다.
	
ⓒ 아시아경제 All rights reserved.",3316a207-1b49-4fb0-bc9d-7dad7e71b007
73,한다. 파이어족은 생활비를 절약하기 위해 주택규모를 줄이고 오래된 차를 타고 외식과 여행을 줄이는 것은 물론 먹거리를 스스로 재배하기도 한다.,5cea9ec7-e5f6-4370-9a43-f69ef2c61d06
74,"하는 경우에는 10억을 누구 물려줄 필요가 없으니 수명에 맞춰 나눠 쓰는 방안도 생각해볼 수 있다. 60세에 퇴직해 100세까지의 삶을 계획한다고 가정하면 1년에 2,500만원을 더 쓸 수 있다.하지만 이 금액은 소득을 기준으로 본 것으로, 개인에 따라서는 '30대 후반에 3억 모으고 평생 살기 '와 같이 지극히 주관적일 수 있으므로 섣불리 위의 방법을 따라하기 위해 위험한 투자를 동반한 무리수를 두기 보다 본인의 라이프스타일과 니즈에 맞게 적절하게 파이어 운동을 실천하는 것이 좋다.3. 파이어 운동의 유형[편집]전통적으로 극단적인",ccfb7e61-f72e-4548-b5d4-a91d50b6da64
75,"뉴스레터
경제적 자유를 이루기 위한 6단계는?
경제적 자유를 결심한 뒤 10년도 안 돼 빠르게 이를 이룬 스티브 애드콕을 소개합니다. 
 
2024.03.20
|
          조회 241
        
|
0
#파이어족
 
#경제적자유
 
 2024 뉴.썸렛
경제적 자유에 이르는 방법을 전합니다.
 
자주 묻는 질문
오류 및 기능 관련 제보
서비스 이용 문의admin@team.maily.so
메일리 (대표자: 이한결) | 사업자번호: 717-47-00705 | 서울 서초구 강남대로53길 8, 8층 11-7호
이용약관
          | 개인정보처리방침
          | 정기결제 이용약관
          | 070-8027-2840",341e5c6e-8e2f-4555-af5e-e9b3e8fe191a
76,"고쳐야 하는 건 확실해요. 그러기 위해서는 내가 돈을 쓰고 싶어 하는 분야가 무엇인지를 정확하게 파악하고, 그렇지 않은 곳에 무심코 쓰는 돈을 줄이는 게 중요해요. 앞서 소개했던 다큐멘터리 <돈, 돈, 돈을 아십니까?>에서 나온 것처럼 지출처에 따라 통장을 쪼개고 예산 내에서만 체크 카드로 지출하거나 꼭 필요하고(NEED) 진정으로 사랑하는(LOVE) 것에만 돈을 쓰고, 단지 좋아할 뿐이거나(LIKE) 사고 싶을 경우라면(WANT) 돈을 쓰지 않는 식으로 원칙을 정해도 좋죠.준&맽:성장을 위한 모든 것에 지출할 수 있는 '성장통장'을 만들어 매달 일정",29768ea9-db24-4d09-b6ed-05a91b0297f8
77,"다가올 뉴스레터가 궁금하신가요?
지금 구독해서 새로운 레터를 받아보세요
          
        
        [필수]
        메일리 이용약관 개인정보처리방침
        에 동의합니다.
 
              이번 뉴스레터 어떠셨나요?
            
                뉴.썸렛 님에게  커피와  쪽지를 보내보세요!
              
                    지금 보내기 →
                  

      

            뉴.썸렛 님에게 커피와 쪽지 보내기
          
              커피와 함께 하고싶은 말을 쪽지에 적어주시면 메일리가 프라이빗 하게 전달 해드려요.
            
커피
메뉴 선택하기
커피 우유 (1,000원)",64a047a6-e425-4d98-8402-bf3d991ce0a0
78,"장기적인 투자
목표: 안정적이고 지속 가능한 수익을 창출하여 재정적 안정성을 확보합니다.
방법: 다양한 투자 포트폴리오를 구축하여 위험을 분산하고 장기적인 관점에서 투자합니다.
사례: 알렉스는 주식, 채권, 부동산에 분산 투자하여 경기 변동에도 안정적인 수익을 유지하고 있습니다.
3. 파이어족의 금융 전략
파이어족은 재정적 독립과 조기 은퇴를 위해 다음과 같은 금융 전략을 사용합니다:
소득 증가
목표: 더 높은 수입을 얻어 저축과 투자에 더 많은 자금을 할당합니다.",d31b05c8-58b8-4cfc-b591-4af8763df9d6
79,"실시간 인기정보AD
이슈 PICK
#국내이슈
#해외이슈
#포토PICK
#CAR라이프
#뉴스속OO
간격처리를 위한 class
오늘의 추천 컨텐츠AD
실시간 랭킹이슈AD
많이 본 뉴스
가장 많이 읽힌 뉴스를 제공합니다. 집계 기준에 따라 최대 3일 전 기사까지 제공될 수 있습니다.
종합
정치
1활동 뜸하다 했더니…아역배우 출신 20대, 시신 훼손 용의
2'에르메스는 양반이네'…돈 있어도 못 산다는 다섯 가지, 
3이준석 ""국민 사랑받던 스타 검사 윤석열로 돌아가달라""",6b8c212e-da0f-48c2-ac8c-5dcfb39aa3b1
80,"일을 할 수 있다.Fat FIRE 은 사치스러운 생활을 즐길 수 있는 부자같은 파이어족이다. 경제적 걱정없이 호화로이 생활할 수 있는 파이어족이다. Barista FIRE 은 전업으로부터의 FIRE 후 생활비의 일부를 부업으로 충당하는 유형이다. 4. 파이어족 자가진단[편집]파이어족이라는 경계가 다소 애매하며 현대에 들어 다양한 유형이 존재하는 만큼 다음 자가진단을 통해 본인이 파이어족인지 아닌지 대략의 참고가 가능하다.1. 꾸준한 절약과 저축을 생활에서 실천하고 있는가2. 일(근로뿐만 아니라 주식투자, 부동산 임대업 등 또한 노동으로 본다)을 전혀 하지않아도 기대 수명까지",0c8de92b-f281-4755-bf95-f5dbdf708e7d
81,"만약에 은퇴를 하고나서 매달 200만원이 필요하고 50세에 은퇴하기를 원하는 사람과, 은퇴 후 매달 400만원이 필요한데 40세에 은퇴하고자 하는 사람이 있다면 두 사람의 은퇴 계획은 많이 다르게 보일 것입니다. 두번째 사람이 더 많은 돈을 은퇴 전에 모아야 하기 때문입니다.
파이어족 전략은 두 가지 방식으로 생각할 수 있습니다. 소비를 절감하는 것과 수입을 최대한으로 올리는 것입니다.
먼저 비용을 절감하려면 새로운 제품을 구매하는 것 대신에 중고 제품을 구입하는 등의 전략으로 생활비를 최대한 줄이는 방법을 사용하는 것이 필요합니다.",4e91746c-0d03-498d-8d4d-6f29f8559bbe
82,"님
	
아시아경제CORE 아이콘
	아시아경제CORE
	
검색창 열기
아시아경제
검색창 열기
닫기버튼
로그인
회원가입
소셜 아이콘영역
님
뉴스
	증권
	
	시황
	
	특징주
	
	종목·공시
	
	파생·채권·외환
	
	글로벌·원자재
	
	기타
	
	경제
	
	금융
	
	정책
	
	일반
	
	재테크
	
	가상화폐
	
	정치
	
	대통령실
	
	정당
	
	정부부처
	
	국방·외교
	
	일반
	
	부동산
	
	정책
	
	개발·분양
	
	업계동향",98b5fb85-e8e0-404c-86d8-a81d5b79fa68
83,"3. 은퇴를 하고 나서 그 생활이 나와 잘 맞지 않을 수 있습니다. 그동안 항상 일을 해오다가 갑자기 일을 그만두고 나서 시간을 보내다 보면 그동안의 삶과 다름에서 파이어족의 삶이 나와 적합하지 않다고 느낄 수 있습니다. 상당한 시간동안 파이어족의 삶을 준비하고 이후에 빠른 은퇴를 하고 난 이후에는 다시 일을 시작하는 것이 쉽지 않을 수 있기 때문에 은퇴를 하기전에 파이어족의 삶을 짧은 시간이라도 경험을 해보거나 미리 사전에 구체적으로 고민을 해보는 것이 필요합니다.

마지막으로 빠른 경제적 독립을 이루기 위한 3가지 팁이 있습니다.
1. 지출 줄이기",97ca2123-f52f-46a5-9971-42c592181859
84,"그럼 실제로 실물 자산과투자 자산이 있다고 가정하고 계산해 볼까요?조건부 가정으로 할게요.조건1) 국평 부동산 1채 7억조건2) 배당수익률 3% 주식 1억 조건3) 부채 없고, 월세, 배당금 수령순자산 8억월세 수익률 2% = 연 1,400만원배당 수익률 3% = 연 300만원연간 현금흐름 1,700만원 (월 142만원)8억은 너무 비현실적인 것 같다면,5억으로 조정해 볼까요?조건1) 국평 부동산 1채 4.5억조건2) 배당수익률 3% 주식 5,000만원 조건3) 부채 없고, 월세, 배당금 수령순자산",dade6315-9dac-4816-866b-e4d469ff29d5
85,"[100세 시대 재테크]파이어족에 대한 바른 이해 - 아시아경제
본문 바로가기
bar_progress
아시아경제
사이트맵메뉴 열기
증권
경제
부동산
산업·IT
정치
사회
국제
문화·라이프
오피니언
법률소식
	실시간 뉴스
	
서울 마곡동 공사현장 지하주차장 붕괴사고…인부 2명 부상
아세안+한중일, 팬데믹·자연재해 발생시 긴급자금 지원키로 
“연장해 주세요” 요청에 김해가야테마파크 빛축제 ‘4주 더’ … 유료 전환
어르신 노래자랑서 열창한 오언석 도봉구청장 박수 받아",7cf37619-c909-4df5-9b5f-56b18c03e93e
86,진정한 의미2. 파이어족 자산3. 재테크 방법 3가지4. 마치며,473b12e7-57af-47d0-9d64-78c7b3bceb98
87,"""살 빼야하니 더 빨리 뛰어""…미국서 6살 아들 죽게 만든 비정한...
200개 뼛조각 맞추니…7만5000년 전 40대 여성 모습 이렇습니다
'학폭 의혹' 민주당 당선인 ""오히려 왕따처럼 지내…시기해서 그...
국내 첫 임신 동성부부, 딸 출산 ""사랑하면 가족…혈연은 중요치...
저걸 왜 사나 했는데…기안84, 5년만에 '62억 건물주' 됐다
中 ""창어 6호 발사 성공""…달 뒷편 샘플채취 도전
어린이날 코앞인데… 알리·테무 아동용품 발암물질 범벅",9316823f-8521-4912-bceb-e356586dad43
88,"서브메뉴
경제법률 완전정복
서브메뉴
연재
서브메뉴
법률소식
주요 기사를 음성으로 만나보세요!
오디오페이퍼
	오디오페이퍼
	
LIVE
	실시간뉴스
	
아시아경제 서비스
하루만보 하루천자 아이콘
하루만보 하루천자
디펜스클럽 아이콘
양낙규의 디펜스클럽
	
아시아경제CORE 아이콘
아시아경제CORE
드링킷 아이콘
드링킷
뉴스레터 아이콘
뉴스레터
아시아경제 교육센터
E.아시아경제
운세
	검색영역
	
뉴스검색
삭제아이콘
검색아이콘
Dim영역",ac1fdaaa-bc17-41b1-a9a3-75428e6e2e9c
89,"2024.05.01
|
              조회 108
            
|
0
|

      

            뉴.썸렛 님에게 커피와 쪽지 보내기
          
              커피와 함께 하고싶은 말을 쪽지에 적어주시면 메일리가 프라이빗 하게 전달 해드려요.
            
커피
메뉴 선택하기
커피 우유 (1,000원)
테이크아웃 아메리카노 (2,000원)
아메리카노 (4,000원)
핸드드립 스페셜티 커피 (7,000원)
라떼와 초콜릿 케이크 (12,000원)
아메리카노 5잔 (20,000원)
쪽지
보내기
                나중에 하기
              
 
|
                뉴.썸렛
              
                경제적 자유에 이르는 방법을 전합니다.",2e9b9b03-601d-4ca1-85ab-aac4d7d0acbe
90,"투자 방법으로는 인덱스 펀드, 주식, 부동산, ETF 등 다양한 자산에 투자하여 위험을 분산하는 것을 선호합니다. 파이어족의 장점으로는 시간의 자유, 경제적 안정, 삶의 질 향상 등이 있지만, 소득 감소, 사회적 고립, 재취업 어려움 등의 단점도 존재합니다.
파이어족이 되기 위해서는 목표 금액 설정, 예산 작성, 저축 계획 수립, 투자 전략 구축 등의 준비 과정이 필요합니다. 파이어족의 생활 방식과 원칙을 이해하고, 자신의 목표와 가치관에 맞게 준비하면 금융적 독립과 조기 은퇴를 이룰 수 있을 것입니다.
자주 묻는 질문(FAQ)",0f86156d-5aa5-41ca-bf1d-715b4e65bdee
91,"그렇다면 도대체 FIRE하려면 얼마가 필요한데? 라는 궁금증이 생기겠죠.본인이 추구하는 라이프 수준에 따라,현금흐름 수준에 따라,기준 자산도 달라집니다.계산은 통상 4%를 적용하면 됩니다.편의상 세금은 고려하지 않을게요.순자산 - 연 이자금액15억 - 6,000만원 (월 500만원)10억 - 4,000만원 (월 333만원)8억 - 3,200만원 (월 267만원)5억 - 2,000만원 (월 166만원)3억 - 1,200만원 (월 100만원)아무 일도 하지 않고 이자만으로 생활할 수 있다.또는 저 정도의 이자와돈은 적게 벌더라도 좋아하는 일을 하겠다.그럼",be5e36d1-b56f-4c69-8578-8e9fb23969de
92,"진짜 돈을 벌기 위해서는 신용카드를 사용해야 하는 이유 3가지사회초년생 월급 예산 계획을 세우는 현실적인 방법의 3단계 A부터 Z까지 
Leave a Comment Cancel replyYou must be logged in to post a comment. 
 2024 머니위너  Built with GeneratePress",15fc7228-c4b1-4c90-9d10-d6094cfb89c1
93,"문제이다. 직장에서 일하면 약간의 부침은 있지만 꾸준하게 월급이 나온다. 그러나 단기 재테크는 계속해서 성공한다는 보장이 없다. 오히려 돈을 잃을 수도 있다. 또 돈 걱정은 없다 하더라도 중년의 나이쯤 되어 자신에게 주어진 역할이 없어 공허함을 느끼는 사람들을 많이 본다. 생활비 걱정은 없지만 갈 데가 없는 게 가장 큰 고민이라는 것이다. 연금은 영어로 펜션(pension)인데, 이 단어에서 우리가 잘 아는, 놀러 가는 숙박시설 '펜션(pension)'이라는 단어가 나왔다고 한다. 1520년대에 '근무연한에 대한 보수로 주는 정기적인 지불금'이라는 뜻으로 최초로",714a2ff8-5ca0-4658-98a9-ab3608f37740
94,"커피
메뉴 선택하기
커피 우유 (1,000원)
테이크아웃 아메리카노 (2,000원)
아메리카노 (4,000원)
핸드드립 스페셜티 커피 (7,000원)
라떼와 초콜릿 케이크 (12,000원)
아메리카노 5잔 (20,000원)
쪽지
보내기
                나중에 하기
              
 
#파이어족
 
#경제적자유
 
    댓글
  
의견을 남겨주세요
            비공개로 댓글 남기기
 
확인
의견이 있으신가요? 제일 먼저 댓글을 달아보세요 !
이전
                    뉴스레터
뉴스레터
돈, 돈, 돈을 아십니까?",8f69833a-c8ae-4275-bc66-bece9d851d7d
95,"3. 부채를 제거하기
자동차 할부금, 신용카드 빚 등 고금리 빚을 청산하도록 노력해야 합니다. 빚이 있다면 빚을 빨리 갚고 이후에는 그 돈을 저축하는 것이 빠른 경제적 독립을 이루는 데에 꼭 해야 할 것으로 볼 수 있겠습니다.
자동차 할부금 계산기를 통해서 만약에 자동차를 할부로 구매하게 되면 매달 납부해야 하는 금액을 확인하실수도 있습니다.
부자가 되는 방법, 현명하게 빚 값는 7가지 방법 등 개인금융과 관련한 내용은 아래를 클릭해서 확인하실 수 있습니다.
Categories 개인금융 Tags 파이어족 장단점, 파이어족의 뜻과 시작하는 방법, 파이어족이 뭔가요",25a032b4-c6c6-4ad4-920c-782d63f2c033
96,"2. 스트레스가 적음: 그동안 일하는 것이 많이 고되고 일이 마음에 들지 않았다면 이제는 그 스트레스에서 벗어날 수 있습니다. 이제는 더 이상 일찍 일어나거나 긴 통근 시간을 허비하는 일을 하지 않아도 됩니다. 더 나아가 은행에 내가 죽을 때까지 사용할 수 있는 돈이 충분히 있다고 생각을 하면 스트레스 해소에 도움이 되겠습니다.

파이어족의 단점",2bf346e0-ccce-400e-8ee3-de3622d81c44
97,고민하고 자신만의 삶의 방향과 목표를 설정하는 것은 중요합니다. 각자의 가치관과 목표에 맞게 삶을 설계하면 더욱 의미 있는 삶을 살아갈 수 있을 것입니다. 감사합니다. 보험은여기야였습니다.,4c6a7523-2759-4148-9d51-9a68461bf487
98,"
 

 
#파이어족뜻
공감한 사람 보러가기
댓글 0
공유하기
보험은 여기야
비즈니스·경제
어서와
보험은 처음이지? 
보험은 여기야!!
이웃추가
보험은 여기야
님의 네이버 포스트
이 블로그
Min'S 각종정보
카테고리 글
이전
이전
다음
다음
{""title"":""파이어족 뜻과 필요한 자산 기준은 얼마일까?"",""source"":""https://blog.naver.com/gabiss/223197851392"",""blogName"":""보험은 처.."",""blogId"":""gabiss"",""domainIdOrBlogId"":""gabiss"",""logNo"":223197851392,""smartEditorVersion"":4,""blogDisplay"":true,""cafeDisplay"":true,""outsideDisplay"":true,""meDisplay"":true,""lineDisplay"":true}
 맨 위로
PC버전으로 보기
닫기
카테고리",9d4fc44a-1def-4bb0-abaf-543d3204d8b0
99,"투자한다면 4%의 수익인 $60,000 평생 발생하게 되고, 이 수익으로 필요한 비용을 커버하면 된다는 것입니다.은퇴 자금 얼마나 필요할까요?은퇴후의 라이프스타일에 따라 필요한 은퇴 자금도 천차만별입니다. 아래의 글들을 읽어 보시고, 본인의 라이프스타일을 고려하여 어느 정도의 은퇴 자금이 필요할지에 대해서 생각해 보세요. 창의적으로 다양한 라이프스타일을 고려해 보시면 생각보다 훨씬 적은 은퇴 자금이 필요합니다. 은퇴 자금 없는 것은 OK, 은퇴 플랜 없는 것은 No, No!은퇴 자금, 생각보다 적게 필요하다?은퇴 자금 얼마나",5d6772cc-140e-4c77-abc0-e9bbcee53c49
100,"제외한 연 실질 가처분소득 1500만원, 즉 매월 125만원으로, 1인가구 법정 최저생계비(매월 약 117만원)보다 조금 많은 돈을 아무런 노동 없이 생활비로 충당할 수 있으면서, 남은 세후수입은 물가상승을 대비하기 위해 재투자 또는 저축하여 세월이 지나도 자산수준 및 소득수준이 물가상승에 의해 퇴보하지 않는 삶을 살 수 있다.2022년 1인가구 중위소득이 195만원이고, 125만원이면 중위소득 65% 정도에 해당하며, OECD 기준 각 나라의 중위소득 75~200%에 해당하는 사람들이 중산층으로 분류되고, 대한민국 복지정책 기준 중위소득 30% 미만인",a9534fd1-cb01-4998-a16e-90295fcf0a76
101,"광진구, 저소득층 가구 공부방 만들어 주여
부처님 오신날 기념 구로구 '봉축 점등식' 개최..문헌일 구청장 참석 
'TBS 지원 3개월 연장안' 서울시의회 처리 불발
美 4월 비농업 고용 17.5만명 증가…실업률 3.9%
여수시, 바가지요금 없는 거북선축제 만들기 나서
팔씨름하다 시비 붙고 차로 들이받은 40대… 5명 부상
오피니언
[100세 시대 재테크]파이어족에 대한 바른 이해
2024년 05월 04일(토)
로그인
회원가입
소셜 아이콘영역
님
	
아시아경제CORE 아이콘
	아시아경제CORE",48c2c02b-9429-475c-ace1-186e5331c879
102,"얼마를 모아야 가능할까?
",556ce225-fff2-4cfe-bf5e-b60567d39a47
103,"싶다면 지금부터 '할 수 있다'고 생각하고 조금씩 시도해 보세요. 1년 후 '할 수 없다'고 생각하고 그대로 지내는 삶과 비교하면 크게 달라져 있을 거예요.그럼 오늘도 뉴.썸렛 읽어주셔서 감사합니다. 더 재미난 이야기로 찾아올게요! 함께 해 봐요파이어족에 대해 내가 가진 오해가 무엇인지 생각해 봐요.나의 노후 준비 상황을 살펴보고, 소득을 늘리기 위해 내가 할 수 있는 부업이 무엇일지 고민해 보세요.내가 돈을 쓰고 싶어 하는 분야가 무엇인지를 정확하게 파악하고, 그렇지 않은 곳에 쓴 돈이 얼마나 되는지",3ccda3d0-e2a4-4acf-99da-438bbc3eb217
104,"/
3
0
검색
댓글여부
댓글 쓰기 허용
afliean
 
 
브런치는 최신 브라우저에 최적화 되어있습니다.
IE
chrome
safari",09d9f8ab-a9b2-4bc7-a0c4-6d86a2c2f156
105,"[편집 요청 도움말] 편집 요청 닫기  토론  역사         분류 문화     1. 개요2. 시드머니(종잣돈) 모으기3. 파이어 운동의 유형4. 파이어족 자가진단5. 기타1. 개요[편집]파이어 운동(FIRE movement)은 경제적 자립(Financial Independence)과 조기 은퇴(Retire Early)를 추구하는 삶의 방식으로, 주로 밀레니얼 세대에서 유행하기 시작하였다.파이어 운동을 추구하며 살아가는 이들을 별도로 파이어족이라고 칭한다. 이들은 일생 동안 소비문화에 대한 극단적인 저항을 하며 저축을 통해 40대 전후에 조기은퇴하는 것을 목표로",3e779a17-21e2-478d-859c-2664ca23c1cf
106,"저축을 통해 40대 전후에 조기은퇴하는 것을 목표로 한다.불필요한 소비에서 벗어나 중요한 것에 집중한다는 가치 전환이 핵심이다. 사실 FIRE라는 단어에는 어디에도 '자유'라는 단어가 들어있지않다. 경제적 자립과 경제적 자유는 어감 차이가 상당한데, 경제적 자유라는 말로 인해 마치 풍요롭게 중산층의 과시적 소비를 할 수 있는 부자의 느낌이 강하지만 부자, 과시적 소비등과는 오히려 완벽한 대척점에 있다.허나 이는 1990년대에 개발된 초기의 개념에 한정되며, 2020년대 기준 외국에서도 풍요로운 재정적 독립을 추구하는 FAT FIRE 과 같이 라이프스타일과",2c08a01b-327f-47da-b948-d285145a30e1
107,"파이어족 얼마나 필요한가요?
파이어족이 되기 위한 필요 자금은 개인의 소비 수준, 저축률, 투자 전략에 따라 달라집니다. 목표 은퇴 연령, 생활 비용, 안전한 인출률을 고려하여 개인의 목표 자산 규모를 산정합니다. 파이어족 금액에 대한 자세한 계산은 파이어족 계산기를 통해 가능합니다.
파이어족 얼마나 걸리나요?",65594490-95a4-47ca-a21e-1d431747dbaa
108,"오늘은 파이어족 뜻에 대해서 알아보았는데요. 파이어족은 각자 다른 삶의 방식을 추구하는 개인들에게 맞춤형 접근을 필요로 합니다. 가장 큰 장점 중 하나는 시간의 자유를 얻을 수 있다는 점이며, 이를 통해 돈에 묶이지 않고 자유롭게 원하는 일을 할 수 있어 더 큰 행복을 느낄 수 있습니다.하지만 파이어족을 달성하려면 자신의 능력을 향상시키고, 경제적으로도 지속 가능한 자산을 구축해야 합니다. 이런 점에서 파이어족을 추구하는 것은 도전적이고 가치 있는 과정일 것입니다. 파이어족이 되지 않더라도, 앞으로 어떤 삶을 원하는지 고민하고 자신만의 삶의 방향과 목표를 설정하는 것은",8a11b06f-0a2f-4feb-8d15-fe936067c22f
109,"안녕하세요.양모이입니다.오늘은 경제적, 시간적 자유를 꿈꾸는 이들을 위해파이어족에 대해서 말씀드리려고 합니다.혹시,경제적 자유를 꿈꾸시나요?시간적 자유를 꿈꾸시나요?파이어족이 되길 원하시나요?제 블로그 이웃분들은느림의 미학이나 소소한 행복을추구하는 분들이 많기 때문에관심이 없을 수도 있어요.그렇지만 혹독하게 자기계발을하고 있는 불특정 다수를 위해유익한 포스팅 써볼게요.제 글을 본다면진정한 파이어족의 의미를 되새기고방향을 잡는 데 조금이나마 도움이되었으면 좋겠어요.결론적으로",762b7fe1-fd56-44bd-a97a-8635abffcf59
110,"하나같이 ‘너 돈 많나 보다?’, ‘부자인가 봐’라는 대답이 먼저 나왔거든요. 그렇게 생각하는 것도 무리는 아니에요. 우리나라에선 유독 코인이나 등락이 잦은 주식, 부동산 등으로 단숨에 몇십억을 번 사람을 ‘파이어족’으로 일컫는 사례를 흔히 찾아볼 수 있으니까요.  하지만 부자만 파이어를 할 수 있다는 건 오해예요. 파이어는 단어 뜻 그대로 은퇴가 가능한 경제적 수준을 이루는 걸 목표로 하거든요. 여기엔 수입과 지출이 모두 포함되는데요. 미국에서 파이어를 이룬 사람들은 대부분 ‘한탕 투자’보다는 지출을 철저히 관리하는 방식으로 경제적 자유에",4c207df5-30f5-4a84-80e2-fa072395f84e
111,"또한 노동으로 본다)을 전혀 하지않아도 기대 수명까지 경제적 문제가 발생하지 않을 예정인가?3. 혹 취미로 소일거리(주식 투자, 부동산 임대, 간단한 알바 등)을 하고있는 경우, 저 일로 인한 소득이 전혀 없어도 여전히 경제적 자립이 가능한가?4. 위험자산(수익률 5% 이상)에 투자하지 않아도 경제적 자립에 문제가 없는가?5. 조기에 은퇴를 하였는가 (조기라는 단어가 논란이 있지만 보통 만 49세 이전에 은퇴하였는가)5. 기타[편집]대기업 은퇴한 파이어족이 있었는데 자녀 계획은 당연히 없다고 했다. # 근데 이수근은 결혼도 아직 안",c7419278-dbf3-41b8-aa14-f156e2ba6afa
112,"조건3) 부채 없고, 월세, 배당금 수령순자산 5억월세 수익률 2% = 연 900만원배당 수익률 3% = 연 150만원연간 현금흐름 1,050만원 (월 96만원)아까 예적금인 경우8억이 월 267만원5억이 월 166만원이었으므로,50% 가까이 현금흐름이 감소했습니다.그런데도 제가 실물 자산, 투자 자산이필요하다는 이유는 아래와 같아요. 1. 재개발/재건축/인프라 정비 등으로     인한 지가 상승2. 투자 기업 성장 3. 물가 반영 (현금가치 하락)4. 심리적 안정5. 투자 지식 함양주식은 종목마다 차이가 있고,미국 ETF나",a5505e68-3326-46d3-b858-eec33e81c44b
113,"파이어 운동 - 나무위키  최근 변경  최근 토론  특수 기능              파이어 운동 
	최근 수정 시각: 2024-03-23 12:42:49  10   편집 요청     편집 요청  이용중인 IP는 문서 훼손행위가 자주 발생하는 IP이므로 로그인이 필요합니다.(이 메세지는 같은 인터넷 공급업체를 사용하는 다른 누군가로 인해 발생했을 가능성이 높습니다.) (#8602972)만료일: 무기한사유: https://board.namu.wiki/b/report/2799930 / 문서 훼손이 잦은 대역. 로그인 후 이용바랍니다.  
	편집 권한이 부족한 경우 아래의 '편집 요청' 버튼으로 편집 요청을 생성할 수 있습니다.",ecf425b8-12ca-452d-86db-fd168a8497c9
114,"처음 등장했는데, 2008년 금융위기 이후 30~40대를 중심으로 미국은 물론 영국, 호주, 네덜란드 등 전 세계로 확산했다. 파이어족들은 일반적인 은퇴 연령인 50~60대가 아닌 30대 말이나 늦어도 40대 초반까지는 조기은퇴하겠다는 목표로, 회사생활을 하는 20대부터 소비를 줄이고 수입의 70~80% 이상을 저축하는 등 극단적 절약을 선택한다. 이들은 원하는 목표액을 달성해 부자가 되겠다는 것이 아니라 조금 덜 쓰고 덜 먹더라도 자신이 하고 싶은 일을 하면서 사는 것을 목표로 한다. 파이어족은 생활비를 절약하기 위해 주택규모를",4d057abe-59ce-460a-a507-ea8e5c770761
115,"재테크 방법은 저보다 고수들이 많기 때문에,디테일한 방법은 각 분야별 전문가의 글을 보길 권장해요.저는 그냥 제가 직접 경험한 내용으로 말씀드려요.참고로 저는 만으로 33살이기 때문에엄청난 자산가는 아니에요.<직장인에서 파이어족으로 가는 길>단계식 자산 증식법1. 종잣돈2. 현금흐름 만들기3. 좋아하는 일로 수입 / 부수입 만들기1. 종잣돈시드머니라고도 하죠.뭐든지 기초가 제일 중요한 것처럼처음에는 무조건 모아야 합니다.그렇다고 힘들게 살라는 건 아니에요.어떻게 하라고 말씀드리기보다저의 이야기를",62f5d2c1-f072-48dc-8065-5fc38b8ba20e
116,"대한 보수로 주는 정기적인 지불금'이라는 뜻으로 최초로 기록됐다. 그리고 1640년대에 프랑스에서 노후에 연금생활자들이 자기 집 빈방을 싼값에 임대하고, 일도 하고 약간의 이익도 얻으면서 싸게 머물 수 있는 숙박시설도 펜션(pension)이라는 이름으로 불리게 됐다고 한다. 이미 연금(pension)이라는 단어는 '일'과 깊게 연관돼 있다는 뜻이다.",4edb7380-f660-49fb-b270-1c1f90402c9c
117,"소득 증가
높은 수입 얻기
추가 교육 및 기술 습득
저축률 향상
저축률 높이기
소비 줄이기
투자 전략
위험 분산 및 안정적 수익
다양한 자산 투자
4. 파이어족의 장점과 단점
1) 파이어족의 장점
시간의 자유: 일찍 은퇴하여 시간을 자유롭게 활용할 수 있습니다.
경제적 안정: 금융적 독립을 이루어 경제적 걱정을 덜어낼 수 있습니다.
삶의 질 향상: 일과 삶의 균형을 맞추어 삶의 질을 높입니다.
2) 파이어족의 단점
소득 감소: 일찍 은퇴하면서 소득이 줄어들 수 있습니다.",052d74cd-2325-4c47-9bd0-2d76cdfc1e88
118,"경제적 자유에 이르는 방법을 전합니다.
              
 
      구독하기
    
            뉴.썸렛 구독하기
          
경제적 자유를 향한 당신의 여정, 뉴.썸렛이 열렬히 응원합니다.
                
이메일
                인증하기
재발송
                확인
              
이메일로 전송 된 6자리 숫자를 입력해주세요
                [필수]
                메일리 이용약관 개인정보처리방침
                에 동의합니다.
 
              구독하기
            
              구독하기
            
취소
이미 구독하셨나요?",3df0a867-bfb7-40de-ab15-90d638028a6e
119,"| 정기결제 이용약관
          | 070-8027-2840",e0ac96e0-c54e-445d-a6f1-6ddd5c245eec
120,"파이어 족(Financial Independence Retire Early)은 금융적 독립과 조기 은퇴를 추구하는 사람들을 말합니다. 파이어족은 소비와 물질적인 가치에 집착하지 않고, 현명한 소비와 저축, 투자를 통해 돈을 모으고, 이를 통해 자유롭고 의미 있는 삶을 살기를 원합니다. 이들은 일찍 은퇴한 뒤 시간과 에너지를 가족, 친구, 취미, 자기계발 등에 투자합니다.
2. 파이어족의 원칙
파이어족(Financial Independence, Retire Early)은 다음과 같은 핵심 원칙을 따릅니다:
경제적 자립
목표: 재정적으로 독립적인 상태를 달성하여, 일상 생활에서 돈에 대한 걱정을 줄입니다.",cb30e14c-720d-4c1e-a3e8-ea491e1880e3
121,"5

	조국 ""부산 엑스포 유치 실패, 국정조사로 책임 물을 것"" 
	
6

	배현진, 피습사건 담당 경찰 고발…공무상 비밀누설 혐의
	
7

	尹, 현직 대통령 첫 '어버이날' 기념식 참석…""효도하는 정부될 것"" 
	
8

	검찰총장 ""김건희 여사 명품백 의혹, 전담팀 철저수사"" 지시
	
9

	재표결 가능성 커진 채상병특검법…여야 표 결집 따져보니
	
10

	[핫터뷰]'나홀로 찬성' 김웅 ""정부 성공하려면 당이 회초리 들어야""
	
top버튼",9c65dd27-0084-4294-8643-a2ced999806e
122,"게 기뻤습니다.그래서 모았던 1억을 과감히 투자했어요.제 돈 1억뿐만 아니라 당시 여자친구(현재 아내)도설득해서 큰돈을 투자하게 만들었죠.그러고는 코로나가 터지고 참 많이 다퉜어요. 폭락을 겪었거든요.하지만 우리는 빚내서 한 게 아니므로 버티기로 마음먹었어요.결론적으로 상승했고 일부 차익을 보고,부동산을 살 수 있던 작은 원동력을 얻었습니다.그래서 현재 부동산과 주식으로꾸준한 월세, 배당 현금흐름 시스템을만들었어요.말은 쉽게 했지만, 꼭 소액으로 투자하며공부하고 잃지 않는 투자",2b12a70f-ed70-495d-a5c4-13883c36c018
123,"파이어족 목표를 위해 고려해야 할 사항

1) 25의 법칙
25의 법칙이란 은퇴에 필요한 금액을 추정한 다음에 거기에 25를 곱합니다. 예를 들어서 매달 400만원으로 연 4800만원이 필요하다고 가정을 해보겠습니다. 국민연금 및 기타 자금으로 연 2400만원이 충당이 된다면 매년 조달해야 하는 금액은 연 2400만원입니다.
부족한 금액에 25를 곱합니다.
2400만원(부족한 금액) x 25 =6억
이는 연간 4%를 인출하고 자본을 유지하기 위해 저축해야 하는 금액입니다.",5740d1c3-eb98-48f1-9e74-98de62755078
124,"
 
#파이어족
#파이어족뜻
#파이어족자산
#파이어족의재테크
공감한 사람 보러가기
댓글 66
공유하기
양모이
문학·책
모이=모든이를 이롭게, 전자책 '블로그라는 숲을 가꾸는 거인이 되어라' 저자, 인생의 진리와 지혜를 탐구하며 타인과의 동반성장을 추구합니다. *문의: ant5411@naver.com
이웃추가
톡톡하기
이 블로그
책/에세이/교육
카테고리 글
이전
이전
다음
다음",cb5bbc08-17ad-494e-993f-cd4f3683ea72
125,"투자를 통해 자산을 증식시켜야 하지만, 단기 수익에만 집중하거나 상승장에 편승하려는 접근은 바람직하지 않습니다. 파이어족은 체계적인 계획과 장기적인 시각을 갖는 것을 중요시하며, 장기적인 목표를 위해 투자를 수행하는 것이 특징입니다.",43182272-22c0-48fc-bdc6-5a677da27ba7
126,내년 이틀의 자유가 더 가치있다면 내년 이틀을 선택하면 됩니다.파이어(FIRE)족의 한가지 질문: Is it worth it?파이어족은 지출하는 모든 항목에 대해서 가치가 있는지 생각해 보아야 합니다. 나의 유한한 시간과 맞바꿀 만큼의 가치가 없다면 지출하지 않아야 합니다. 만약 본인에게 가치가 있는 것이라면 사치품이라도 과감하게 구입 하시구요. 가치가 있는지 없는지는 각자 원하는 라이프스타일에 따라 다릅니다.파이어(FIRE)족의 성과 지표는 Saving Rate파이어족이 재정 자립을 이루는데 가장 중요한 것은 저축하는 금액이아니라 저축율(Saving Rate)입니다. 아래 그림에서 보는 것처럼 년소득 $50K인데 $25K로,df2253fa-5afe-468f-ab11-238491153f2d
127,"자주 묻는 질문(FAQ)
파이어족이 뭔가요?
파이어족(Financial Independence Retire Early)은 경제적 독립을 이루고 조기에 은퇴를 목표로 하는 사람들을 지칭합니다. 이들은 절약, 투자, 현명한 재정 관리를 통해 일찍 경제적 자유를 달성하고자 합니다. 이로 인해, 직업에 구속되지 않고 삶을 보다 자유롭게 살 수 있습니다.
파이어족 얼마나 필요한가요?",70bf7294-80a6-408c-9e82-b965f9cb3c88
128,꼭 소액으로 투자하며공부하고 잃지 않는 투자 공부를 해야 돼요.,6ea3f199-76c5-495e-ac72-d76edc89da84
129,"하라고 말씀드리기보다저의 이야기를 할게요.26살에 사회 초년생이 되고첫 달은 부모님께두쨋달은 취업 턱으로돈을 다 썼어요.그리고 셋째 달부터는 월급에 70% 이상을 저축했습니다.매년 2,000~3,000만원이요.생활비는 고정인데, 임금이 상승하니 모으는 돈이 커졌고,성과급도 모조리 저축했습니다.일단 종잣돈을 만들었습니다.당시에는 저금리, 제로금리로 가는 추세였지만,지금은 저축하기 좋은 적기라고 생각합니다.",8c545009-55ee-47f6-8b17-3a624db5d1c8
130,"뉴스레터
돈, 돈, 돈을 아십니까?
감정적으로 소비하는 탓에 돈을 모으기 어렵다면 클릭!
 
2024.04.24
|
          조회 103
        
|
0
#경제적자유
 
#파이어족
 
다른
              뉴스레터
뉴스레터
0년차 부부, 결혼과 동시에 파이어족이 된 이유
""돈 때문에 선택권을 잃고 싶지 않아 경제적 자유를 생각했어요.""
 
2024.04.17
|
          조회 115
        
|
0
#파이어족
 
#경제적자유
 
뉴스레터
시간의 자유와 경제적 자유를 함께 누리고 싶다면?",6aa08ea6-0a65-4347-b7aa-e78631578665
131,"금융자산 비중을 살펴보면요. 미국의 경우 절반 정도가 주식&펀드에, 우리나라의 경우 절반 정도가 현금&예금에 쏠려 있어요.안정적인 투자처에 오랜 시간 투자를 이어가면 편안한 노후를 보낼 수 있어요. 이를 기반으로 깔아둔 다음, 만 55세 전까지의 생활비만 마련하면 경제적 자유를 이룰 수 있죠. 복리의 마법은 노후 준비에서 특히나 빛을 발하는데요. 복리의 마법이 얼마나 강력한지 설명하기 위해 사례를 들어 볼게요.연 수익률 6%인  금융상품에 투자한다고 가정하면 20년 뒤 231%의 수익률을 올릴 수",c8bf2f44-98fa-4da3-b7b0-68361bc05a7e
132,"시간의 자유와 경제적 자유를 함께 누리고 싶다면?
타임푸어에서 벗어나기 위해 미니 리타이어(mini retire)를 이룬 레이시 필리피치의 이야기를 들려드립니다.
 
2024.04.03
|
          조회 95
        
|
0
#파이어족
 
#경제적자유
 
뉴스레터
자녀가 있다면 파이어족이 될 수 없을까?
자녀 (계획) 있는 가정이 철저히 준비해 두면 좋을 2가지 파이어 팁을 드립니다.
 
2024.04.10
|
          조회 143
        
|
0
#경제적자유
 
#파이어족
 
뉴스레터
당신의 파이어는 이미 시작됐다",ee67de3b-b374-4e02-b670-aa1b89708520
133,"뉴스레터
당신의 파이어는 이미 시작됐다
경제적 자유를 이루기 위해 '거꾸로 생각하는 법'을 소개합니다
 
2024.03.27
|
          조회 95
        
|
0
#경제적자유
 
#파이어족
 
뉴스레터
파이어족이 너무 막연하다면, '세미 리타이어족'은 어때요?
일본에 '세미 리타이어(semi-retire)' 열풍을 일으킨 호타카 유이키를 소개합니다.
 
2024.03.13
|
          조회 429
        
|
4
#경제적자유
 
#파이어족
 
뉴스레터
경제적 자유를 이루기 위한 6단계는?",0805b70a-4ef7-43ee-8382-89db63a33823
134,조기퇴직은 부자가 되는 것이 아니라 개인적으로 충분히 소유하기 위해 필요한 것을 미리 준비하는 것입니다. 안정적인 재정 그리고 9시부터 6시까지의 고된 근로에서 벗어날 수 있는 능력을 갖추는 것입니다. 이와 함께 소비 또한 무작정 과소비를 하는 것이 아니라 목적과 원칙을 가지고 소비하는 것을 의미합니다.,92ec263f-99d1-4dfc-9930-a2383a86d0c2
135,"이자와돈은 적게 벌더라도 좋아하는 일을 하겠다.그럼 FIRE입니다.다른 실물 자산,특히 부동산이 없다는 전제이므로거주지의 전, 월세도 생활비에포함하여 고려하면 됩니다.단, 현금성 자산은기준 금리에 따른 영향을 받고,물가 인상이 미반영되기 때문에,이자는 그대로지만,생활비가 상승할 수 있습니다.따라서 일부를 실물 자산과 투자 자산으로 바꾸는 방향이 개인적으로 좋다고 생각합니다.",028a0915-cc98-444d-896f-84dc86928ac0
136,"편입니다.재테크와 투자에 관심을 가지며 자산을 쌓아온 사람들도 있지만, 이론과 실제는 차이가 있습니다. 일반적으로는 30대 후반에서 40대 초반 사이가 가장 일반적인 은퇴 시기입니다.",5f38c207-041e-41a2-980f-5bb8a010c335
137,"구글, 아이폰 '기본검색' 탑재 위해 애플에 27조원 지급
""딱 한 마디로 긍정적 답변 한 적 없다""…총리 입각설 일축한 박영선
MS, 생성AI로 공격 경영 하는데…마스크로 매출 채우는 한컴 
전기차 멈춰도 타이어는 달렸다…타이어3사 영업익 2배씩↑
""화웨이, 비밀리에 하버드 등…美대학 첨단연구 자금 지원""
[초동시각]의사단체들만 모르는 사면초가, 의료개혁 받아들여야
[김대식 칼럼] 현실은 무한 복제되는 시뮬레이션?
[시시비비]데이터 생명줄 끊기는 이통사
실시간 인기정보AD
이슈 PICK",466d3a8a-043a-47cd-a529-e6a8f1e7a966
138,"개발·분양
	
	업계동향
	
	일반
	
	국제
	
	국제증시
	
	국제경제
	
	국제일반
	
	해외화제
	
	산업·IT
	
	기업·CEO
	
	자동차
	
	IT·통합
	
	유통
	
	바이오헬스
	
	중기·벤처
	
	과학
	
	사회
	
	사건사고
	
	교육
	
	인물
	
	일반
	
	지역
	
	호남
	
	영남
	
	충청
	
	문화·라이프
	
	공연·전시
	
	책
	
	여행·레저
	
	문화일반
	
	헬스·뷰티·패션
	
	리빙푸드",c1fde6e6-521f-48de-bf38-aa29f3b0da8a
139,"마치며
이 글을 마치며 딱 하나만 이야기하고 싶어요.
 
시간이 돈이다.
우리의 인생은 짧아요.시간과 경험은 돈으로 바꿀 수 없어요.제가 학창 시절 치열하게 공부하고,대학생 때 다양한 경험을 하고,해외 근무 경험을 하고,14개국을 여행하고,70살까지의 미래를 설계하고,지금의 모습이 된 것은시간을 돈처럼 여겼기 때문이에요.앞으로의 시간을 더 소중하게 쓰기 위해서요.다가올 행복한 시간을 만들기 위해현재의 시간을 돈처럼 여겨보는 건 어떨까요?이상으로 파이어족에 대한 포스팅을 마칩니다.
 
 

 
#파이어족",2e780d86-233d-4fa4-ad6e-cd67a34cb60c
140,"있어요. 기왕이면 소득이 높을 수록 경제적 자유를 빨리 이룰 수 있으니, 두 사람 모두 본인의 역량을 살려 부업을 하며 직장 외 소득을 벌고 있기도 하고요.3현생을 포기해야 한다고 생각한다. 파이어족을 모든 행복을 뒤로 미루는 거라고 생각하는 사람도 있어요. 소비를 극한으로 줄여야 하고, 원하는 걸 할 시간에 부업이나 투자에 시간을 쏟아야 할 것 같다면서요. 어느 정도는 맞는 말일 수 있지만 어떻게 하느냐에 따라 달라요.일단 소득에 비해 과하게 소비하고 있다면, 그 소비 습관을 고쳐야 하는 건 확실해요. 그러기 위해서는 내가 돈을",7ead12fb-6876-4798-ac3c-f5a865a32661
141,"생길 수 있기 때문입니다. 금융 투자를 통해 자산을 늘리는 계획을 세우는 많은 분들도 계시지만, 코로나19와 인플레이션 같은 예상치 못한 상황에서도 자산이 충분히 보전될 수 있어야 합니다. 실제로 회사를 그만둔 뒤 다시 일자리로 돌아가는 경우도 많습니다.목표 자산 계산에는 4% 룰이 자주 적용됩니다. 연간 생활비의 25배에 해당하는 금액을 은퇴 자금으로 확보하고, 연간 4% 미만으로 지출하면 원금을 유지하며 생활을 이어갈 수 있습니다. 하지만 이는 시장이 지속적으로 상승하는 가정하에 성립되는 조건입니다. 예를 들어, 월 생활비가 2,000,000원이라면 연간 25배인 6억 원의 자산을",194348bf-ff53-4a00-bd2e-f219bbc31c27
142,"1. 지출 줄이기
: 만약에 지금 충동구매를 하거나 씀씀이가 큰 경우에는 파이어족으로 성공을 하기가 어렵습니다. 때문에 가장 기본적으로 해야 할 것은 지출을 줄여서 돈을 잘 모을 수 있게 노력해야 합니다.
2. 지출 분석하기",adc4c7eb-d57b-4c78-a68e-9a5ee7f14896
143,36%(복수응답)를 차지한다.안타까운 것은 투자의 방식이다. 예를 들어 주식투자의 경우 장기분산투자의 원칙을 지키는 정석투자보다는 단기시황 전망에 의한 단타매매가 주류를 이루고 있다. 한마디로 주식이나 부동산으로 대박을 터트려서 빨리 회사를 그만두고 싶다는 생각이다. 2022년에 자본시장연구원이 발표한 ‘코로나19 국면의 개인투자자 매매행태 보고서’에 의하면 코로나 사태 직후인 2020년 3월에서 2021년 2월까지 1년 동안에 전체 개인투자자의 연간평균 매매회전율은 1600% 정도였다. 1년에 평균 열,88244ab2-d33e-4a03-8a67-32f5e7330bb9
144,"재테크 방법 3가지
2015년 양모이 UAE 두바이에서",0c93beff-4833-451a-acad-70d0c76de9c8
145,"파이어족의 단점
1. 목표 달성이 어렵습니다. 평균 월급을 받으면서 파이어족이 되려면 평소 생활비를 많이 아껴야 할 뿐만 아니라 보통 목표 달성을 하려면 돈을 오랫동안 잘 모아야 하기 때문에 다소 목표 달성이 어렵게 느껴질 수 있습니다.
2. 파이어족이 되고 나서 변수가 생길 수 있습니다. 예상하지 못한 의료비가 발생하거나 주식, 채권 등으로 넣어 놓은 돈의 투자 성과가 저조해지면서 원래 예상하고 계획했던 수익률을 달성하지 못하면 나중에 자금이 부족해질 수 있습니다.",bce00ad9-e7b4-4de2-bd8a-a56ba8b509dc
146,"1990년대 미국에서 시작된 ""파이어 운동""은 2008년의 글로벌 금융위기 이후에 더욱 주목받게 되었습니다. 이 운동은 경기 침체 시기에 처음 사회에 등장한 밀레니얼 세대 그리고 최근에는 MZ세대까지 모두에게 ""재무적 독립을 위해 조기 은퇴를 목표로 돈을 모아야 한다""는 아이디어에 큰 관심을 가지게 되었습니다. 이러한 변화는 사회적 배경에 기인합니다. 청년들의 실업률 상승, 경제적 불안정성 확대, 직장에 대한 불만 등이 모여 젊은 세대가 경제적인 자유를 얻는 사례에 대한 갈망을 높였기 때문입니다.최근의 주식 및 암호화폐 투자 열풍도 이와 연관이 있습니다. 지난",10c958fc-253b-4f63-afc0-ebbd3937fee4
